USE GamePlatformDB;

INSERT INTO [User] VALUES
('alex_k','Alex','alexk@gmail.com'),
('maria_dev','Maria','maria.dev@gmail.com'),
('john_gamer','John','john.gamer@gmail.com'),
('luna_play','Luna','luna.play@gmail.com'),
('pixelking','PixelKing','pixelking@gmail.com'),
('shadowfox','ShadowFox','shadowfox@gmail.com'),
('nova_star','Nova','nova.star@gmail.com'),
('armin_kh','Armin','armin.kh@gmail.com'),
('tigergamer','Tiger','tiger.gamer@gmail.com'),
('nightcoder','NightCoder','nightcoder@gmail.com'),
('stormblade','StormBlade','stormblade@gmail.com'),
('silentwolf','SilentWolf','wolf@gmail.com'),
('cyberhero','CyberHero','cyberhero@gmail.com'),
('dragonlord','DragonLord','dragon@gmail.com'),
('retroplayer','RetroPlayer','retro@gmail.com'),
('skygamer','SkyGamer','sky@gmail.com'),
('ironmaniac','IronManiac','iron@gmail.com'),
('darkrider','DarkRider','dark@gmail.com'),
('quantumplay','QuantumPlay','quantum@gmail.com'),
('vortexgamer','Vortex','vortex@gmail.com'),
('phantombyte','PhantomByte','phantom@gmail.com'),
('lunarfox','LunarFox','lunar@gmail.com'),
('silverarrow','SilverArrow','silver@gmail.com'),
('techwizard','TechWizard','tech@gmail.com'),
('doomplayer','DoomPlayer','doom@gmail.com'),
('stealthninja','StealthNinja','ninja@gmail.com'),
('orbitgamer','Orbit','orbit@gmail.com'),
('hypernova','HyperNova','hyper@gmail.com'),
('bytehunter','ByteHunter','hunter@gmail.com'),
('skyfall','SkyFall','skyfall@gmail.com'),
('stormrider','StormRider','stormrider@gmail.com'),
('pixelstorm','PixelStorm','pixelstorm@gmail.com'),
('auroragamer','Aurora','aurora@gmail.com'),
('voidwalker','VoidWalker','void@gmail.com'),
('frostgamer','Frost','frost@gmail.com'),
('cyberninja','CyberNinja','cyberninja@gmail.com'),
('neonplayer','Neon','neon@gmail.com'),
('ultragamer','Ultra','ultra@gmail.com'),
('gamemaster','GameMaster','gm@gmail.com'),
('arcadehero','ArcadeHero','arcade@gmail.com'),
('binaryknight','BinaryKnight','binary@gmail.com'),
('gamelord','GameLord','lord@gmail.com'),
('alphaomega','AlphaOmega','alpha@gmail.com'),
('cosmicplayer','Cosmic','cosmic@gmail.com'),
('vectorx','VectorX','vector@gmail.com'),
('speedrunner','SpeedRunner','speed@gmail.com'),
('battleking','BattleKing','battle@gmail.com'),
('arcadefox','ArcadeFox','arcfox@gmail.com'),
('nebulagamer','Nebula','nebula@gmail.com'),
('legendplayer','Legend','legend@gmail.com');


INSERT INTO Publisher VALUES
('Ubisoft','https://ubisoft.com'),
('Electronic Arts','https://ea.com'),
('Valve','https://valvesoftware.com'),
('Bethesda Softworks','https://bethesda.net'),
('CD Projekt','https://cdprojekt.com'),
('Rockstar Games','https://rockstargames.com'),
('Square Enix','https://square-enix.com'),
('Bandai Namco','https://bandainamcoent.com'),
('Nintendo','https://nintendo.com'),
('Sony Interactive Entertainment','https://playstation.com'),
('Sega','https://sega.com'),
('Capcom','https://capcom.com'),
('Konami','https://konami.com'),
('Paradox Interactive','https://paradoxinteractive.com'),
('THQ Nordic','https://thqnordic.com'),
('2K Games','https://2k.com'),
('Warner Bros Games','https://wbgames.com'),
('Focus Entertainment','https://focus-entmt.com'),
('Deep Silver','https://deep-silver.com'),
('505 Games','https://505games.com'),
('Gearbox Publishing','https://gearboxpublishing.com'),
('Team17','https://team17.com'),
('Annapurna Interactive','https://annapurnainteractive.com'),
('Raw Fury','https://rawfury.com'),
('Devolver Digital','https://devolverdigital.com'),
('TinyBuild','https://tinybuild.com'),
('Coffee Stain Publishing','https://coffeestainstudios.com'),
('Frontier Developments','https://frontier.co.uk'),
('Bohemia Interactive','https://bohemia.net'),
('Krafton','https://krafton.com'),
('Pearl Abyss','https://pearlabyss.com'),
('Smilegate','https://smilegate.com'),
('NetEase Games','https://neteasegames.com'),
('Tencent Games','https://tencentgames.com'),
('MiHoYo','https://mihoyo.com'),
('Grinding Gear Games','https://grindinggear.com'),
('Hello Games','https://hellogames.org'),
('Re-Logic','https://re-logic.com'),
('Supergiant Games','https://supergiantgames.com'),
('Larian Studios','https://larian.com'),
('Insomniac Games','https://insomniac.games'),
('Naughty Dog','https://naughtydog.com'),
('FromSoftware','https://fromsoftware.jp'),
('id Software','https://idsoftware.com'),
('Arkane Studios','https://arkane-studios.com'),
('MachineGames','https://machinegames.com'),
('Remedy Entertainment','https://remedygames.com'),
('Creative Assembly','https://creative-assembly.com'),
('Obsidian Entertainment','https://obsidian.net'),
('Respawn Entertainment','https://respawn.com');

INSERT INTO Game VALUES
(70000,'2.0','download/cyberpunk','Cyberpunk 2077',59.99,5),
(80000,'1.0','download/gta5','Grand Theft Auto V',39.99,6),
(45000,'1.5','download/skyrim','The Elder Scrolls V: Skyrim',29.99,4),
(60000,'1.0','download/witcher3','The Witcher 3',39.99,5),
(30000,'1.0','download/portal2','Portal 2',19.99,3),
(55000,'1.0','download/doom','DOOM Eternal',39.99,4),
(50000,'1.0','download/eldenring','Elden Ring',59.99,43),
(48000,'1.0','download/spiderman','Spider-Man Remastered',49.99,41),
(35000,'1.0','download/baldursgate3','Baldur''s Gate 3',59.99,40),
(40000,'1.0','download/acvalhalla','Assassin''s Creed Valhalla',49.99,1),
(42000,'1.0','download/rdr2','Red Dead Redemption 2',59.99,6),
(30000,'1.0','download/minecraft','Minecraft',29.99,9),
(45000,'1.0','download/terraria','Terraria',14.99,38),
(47000,'1.0','download/hades','Hades',24.99,39),
(60000,'1.0','download/starfield','Starfield',69.99,4),
(33000,'1.0','download/overwatch','Overwatch 2',0,2),
(55000,'1.0','download/apex','Apex Legends',0,50),
(39000,'1.0','download/halo','Halo Infinite',59.99,17),
(41000,'1.0','download/destiny2','Destiny 2',0,17),
(50000,'1.0','download/fifa23','FIFA 23',59.99,2),
(52000,'1.0','download/nba2k','NBA 2K23',59.99,16),
(37000,'1.0','download/metroexodus','Metro Exodus',29.99,19),
(44000,'1.0','download/control','Control',29.99,47),
(41000,'1.0','download/deathstranding','Death Stranding',39.99,10),
(30000,'1.0','download/stardew','Stardew Valley',14.99,23),
(38000,'1.0','download/subnautica','Subnautica',29.99,20),
(43000,'1.0','download/fallout4','Fallout 4',29.99,4),
(46000,'1.0','download/dishonored','Dishonored 2',29.99,45),
(49000,'1.0','download/prey','Prey',29.99,45),
(47000,'1.0','download/wolfenstein','Wolfenstein II',39.99,46),
(48000,'1.0','download/battlefield1','Battlefield 1',39.99,2),
(52000,'1.0','download/battlefield5','Battlefield V',39.99,2),
(51000,'1.0','download/dragonage','Dragon Age Inquisition',29.99,2),
(55000,'1.0','download/mass','Mass Effect Legendary Edition',59.99,2),
(45000,'1.0','download/civ6','Civilization VI',29.99,16),
(46000,'1.0','download/xcom2','XCOM 2',29.99,16),
(47000,'1.0','download/totalwar','Total War Warhammer',59.99,48),
(30000,'1.0','download/hollowknight','Hollow Knight',14.99,24),
(32000,'1.0','download/celeste','Celeste',19.99,24),
(35000,'1.0','download/deadcells','Dead Cells',24.99,24),
(33000,'1.0','download/riskofrain','Risk of Rain 2',24.99,24),
(37000,'1.0','download/outerwilds','Outer Wilds',24.99,23),
(42000,'1.0','download/returnal','Returnal',59.99,10),
(39000,'1.0','download/godofwar','God of War',49.99,10),
(48000,'1.0','download/lastofus','The Last of Us Part I',59.99,42),
(47000,'1.0','download/uncharted','Uncharted Legacy of Thieves',49.99,42),
(41000,'1.0','download/sekiro','Sekiro Shadows Die Twice',59.99,43),
(43000,'1.0','download/darksouls3','Dark Souls III',39.99,43),
(45000,'1.0','download/bloodborne','Bloodborne',39.99,43),
(39000,'1.0','download/forza','Forza Horizon 5',59.99,17);


INSERT INTO Friend VALUES
('alex_k','maria_dev'),
('alex_k','john_gamer'),
('maria_dev','luna_play'),
('john_gamer','pixelking'),
('luna_play','shadowfox'),
('pixelking','nova_star'),
('shadowfox','armin_kh'),
('nova_star','tigergamer'),
('armin_kh','nightcoder'),
('tigergamer','stormblade'),
('nightcoder','silentwolf'),
('stormblade','cyberhero'),
('silentwolf','dragonlord'),
('cyberhero','retroplayer'),
('dragonlord','skygamer'),
('retroplayer','ironmaniac'),
('skygamer','darkrider'),
('ironmaniac','quantumplay'),
('darkrider','vortexgamer'),
('quantumplay','phantombyte'),
('vortexgamer','lunarfox'),
('phantombyte','silverarrow'),
('lunarfox','techwizard'),
('silverarrow','doomplayer'),
('techwizard','stealthninja'),
('doomplayer','orbitgamer'),
('stealthninja','hypernova'),
('orbitgamer','bytehunter'),
('hypernova','skyfall'),
('bytehunter','stormrider'),
('skyfall','pixelstorm'),
('stormrider','auroragamer'),
('pixelstorm','voidwalker'),
('auroragamer','frostgamer'),
('voidwalker','cyberninja'),
('frostgamer','neonplayer'),
('cyberninja','ultragamer'),
('neonplayer','gamemaster'),
('ultragamer','arcadehero'),
('gamemaster','binaryknight'),
('arcadehero','gamelord'),
('binaryknight','alphaomega'),
('gamelord','cosmicplayer'),
('alphaomega','vectorx'),
('cosmicplayer','speedrunner'),
('vectorx','battleking'),
('speedrunner','arcadefox'),
('battleking','nebulagamer'),
('arcadefox','legendplayer'),
('legendplayer','alex_k');


INSERT INTO Genre VALUES
('Action'),
('Adventure'),
('RPG'),
('Strategy'),
('Shooter'),
('Simulation'),
('Racing'),
('Sports'),
('Survival'),
('Horror'),
('Puzzle'),
('Platformer'),
('Stealth'),
('Open World'),
('Sandbox'),
('MMORPG'),
('Battle Royale'),
('Indie'),
('Sci-Fi'),
('Fantasy'),
('Historical'),
('Tactical'),
('Card Game'),
('Turn Based'),
('Real Time Strategy'),
('Roguelike'),
('Roguelite'),
('Metroidvania'),
('Arcade'),
('Casual'),
('Educational'),
('Party'),
('Co-op'),
('Multiplayer'),
('Singleplayer'),
('Narrative'),
('Survival Horror'),
('City Builder'),
('Space'),
('Military'),
('Fighting'),
('Rhythm'),
('Visual Novel'),
('Interactive Movie'),
('Deckbuilder'),
('Tower Defense'),
('Management'),
('Construction'),
('Physics'),
('Exploration');


INSERT INTO Game_Genre VALUES
(1,3),(2,14),(3,3),(4,3),(5,11),
(6,5),(7,3),(8,1),(9,3),(10,14),
(11,14),(12,15),(13,18),(14,26),(15,19),
(16,5),(17,17),(18,5),(19,5),(20,8),
(21,8),(22,5),(23,19),(24,36),(25,18),
(26,9),(27,3),(28,13),(29,19),(30,5),
(31,5),(32,5),(33,3),(34,3),(35,4),
(36,22),(37,25),(38,28),(39,18),(40,26),
(41,26),(42,50),(43,19),(44,1),(45,36),
(46,1),(47,1),(48,1),(49,1),(50,7);

INSERT INTO Developer VALUES
('CD Projekt Red','contact@cdprojekt.com'),
('Rockstar North','info@rockstargames.com'),
('Bethesda Game Studios','info@bethesda.net'),
('Valve','info@valvesoftware.com'),
('FromSoftware','info@fromsoftware.jp'),
('Insomniac Games','info@insomniac.games'),
('Larian Studios','info@larian.com'),
('Ubisoft Montreal','info@ubisoft.com'),
('Mojang Studios','info@mojang.com'),
('Re-Logic','info@relogic.com'),
('Supergiant Games','info@supergiantgames.com'),
('Respawn Entertainment','info@respawn.com'),
('343 Industries','info@halo.com'),
('Bungie','info@bungie.net'),
('EA Sports','info@ea.com'),
('Visual Concepts','info@2k.com'),
('4A Games','info@4agames.com'),
('Remedy Entertainment','info@remedy.com'),
('Kojima Productions','info@kojimaproductions.jp'),
('ConcernedApe','info@stardewvalley.net'),
('Unknown Worlds','info@unknownworlds.com'),
('Arkane Studios','info@arkane-studios.com'),
('MachineGames','info@machinegames.com'),
('DICE','info@dice.se'),
('BioWare','info@bioware.com'),
('Firaxis Games','info@firaxis.com'),
('Creative Assembly','info@creative-assembly.com'),
('Team Cherry','info@teamcherry.com.au'),
('Extremely OK Games','info@celestegame.com'),
('Motion Twin','info@motiontwin.com'),
('Hopoo Games','info@hopoogames.com'),
('Mobius Digital','info@mobiusdigitalgames.com'),
('Housemarque','info@housemarque.com'),
('Santa Monica Studio','info@sony.com'),
('Naughty Dog','info@naughtydog.com'),
('Playground Games','info@playground-games.com'),
('Obsidian Entertainment','info@obsidian.net'),
('id Software','info@idsoftware.com'),
('Guerrilla Games','info@guerrilla-games.com'),
('Sucker Punch','info@suckerpunch.com'),
('Infinity Ward','info@infinityward.com'),
('Treyarch','info@treyarch.com'),
('IO Interactive','info@ioi.dk'),
('Avalanche Studios','info@avalanchestudios.com'),
('Fatshark','info@fatshark.se'),
('Techland','info@techland.net'),
('Behaviour Interactive','info@bhvr.com'),
('Bluepoint Games','info@bluepointgames.com'),
('Asobo Studio','info@asobostudio.com'),
('People Can Fly','info@peoplecanfly.com');


INSERT INTO Game_Developer VALUES
(1,1),(2,2),(3,3),(4,1),(5,4),
(6,38),(7,5),(8,6),(9,7),(10,8),
(11,2),(12,9),(13,10),(14,11),(15,3),
(16,12),(17,12),(18,13),(19,14),(20,15),
(21,16),(22,17),(23,18),(24,19),(25,20),
(26,21),(27,3),(28,22),(29,22),(30,23),
(31,24),(32,24),(33,25),(34,25),(35,26),
(36,26),(37,27),(38,28),(39,29),(40,30),
(41,31),(42,32),(43,33),(44,34),(45,35),
(46,35),(47,5),(48,5),(49,5),(50,36);


INSERT INTO Library VALUES
('alex_k',1,120,1),
('maria_dev',2,240,0),
('john_gamer',3,85,1),
('luna_play',4,340,1),
('pixelking',5,60,0),
('shadowfox',6,200,1),
('nova_star',7,150,0),
('armin_kh',8,95,1),
('tigergamer',9,40,0),
('nightcoder',10,220,1),
('stormblade',11,300,1),
('silentwolf',12,120,0),
('cyberhero',13,180,1),
('dragonlord',14,90,0),
('retroplayer',15,200,1),
('skygamer',16,140,0),
('ironmaniac',17,160,1),
('darkrider',18,75,0),
('quantumplay',19,210,1),
('vortexgamer',20,180,0),
('phantombyte',21,60,1),
('lunarfox',22,50,0),
('silverarrow',23,100,1),
('techwizard',24,240,1),
('doomplayer',25,310,1),
('stealthninja',26,70,0),
('orbitgamer',27,190,1),
('hypernova',28,110,0),
('bytehunter',29,80,1),
('skyfall',30,120,0),
('stormrider',31,150,1),
('pixelstorm',32,200,0),
('auroragamer',33,90,1),
('voidwalker',34,300,1),
('frostgamer',35,130,0),
('cyberninja',36,140,1),
('neonplayer',37,60,0),
('ultragamer',38,220,1),
('gamemaster',39,95,0),
('arcadehero',40,180,1),
('binaryknight',41,210,0),
('gamelord',42,75,1),
('alphaomega',43,90,0),
('cosmicplayer',44,260,1),
('vectorx',45,170,0),
('speedrunner',46,80,1),
('battleking',47,150,0),
('arcadefox',48,100,1),
('nebulagamer',49,60,0),
('legendplayer',50,240,1);


INSERT INTO Wishlist VALUES
('alex_k',2),('maria_dev',3),('john_gamer',4),('luna_play',5),
('pixelking',6),('shadowfox',7),('nova_star',8),('armin_kh',9),
('tigergamer',10),('nightcoder',11),('stormblade',12),('silentwolf',13),
('cyberhero',14),('dragonlord',15),('retroplayer',16),('skygamer',17),
('ironmaniac',18),('darkrider',19),('quantumplay',20),('vortexgamer',21),
('phantombyte',22),('lunarfox',23),('silverarrow',24),('techwizard',25),
('doomplayer',26),('stealthninja',27),('orbitgamer',28),('hypernova',29),
('bytehunter',30),('skyfall',31),('stormrider',32),('pixelstorm',33),
('auroragamer',34),('voidwalker',35),('frostgamer',36),('cyberninja',37),
('neonplayer',38),('ultragamer',39),('gamemaster',40),('arcadehero',41),
('binaryknight',42),('gamelord',43),('alphaomega',44),('cosmicplayer',45),
('vectorx',46),('speedrunner',47),('battleking',48),('arcadefox',49),
('nebulagamer',50),('legendplayer',1);


INSERT INTO Review VALUES
(9,'Amazing open world experience','2024-01-10','alex_k',1),
(10,'One of the best games ever','2024-01-11','maria_dev',2),
(8,'Still fantastic after many years','2024-01-12','john_gamer',3),
(10,'Masterpiece storytelling','2024-01-13','luna_play',4),
(9,'Great puzzles and humor','2024-01-14','pixelking',5),
(8,'Fast paced shooter','2024-01-15','shadowfox',6),
(10,'Epic RPG combat','2024-01-16','nova_star',7),
(9,'Beautiful graphics','2024-01-17','armin_kh',8),
(10,'Huge RPG world','2024-01-18','tigergamer',9),
(8,'Fun open world gameplay','2024-01-19','nightcoder',10),
(10,'Incredible story','2024-01-20','stormblade',11),
(9,'Timeless sandbox','2024-01-21','silentwolf',12),
(9,'Great indie game','2024-01-22','cyberhero',13),
(10,'Addictive gameplay','2024-01-23','dragonlord',14),
(8,'Very ambitious','2024-01-24','retroplayer',15),
(7,'Competitive shooter','2024-01-25','skygamer',16),
(9,'Great battle royale','2024-01-26','ironmaniac',17),
(8,'Classic FPS gameplay','2024-01-27','darkrider',18),
(7,'Good multiplayer','2024-01-28','quantumplay',19),
(8,'Fun sports game','2024-01-29','vortexgamer',20),
(8,'Basketball simulation','2024-01-30','phantombyte',21),
(9,'Atmospheric shooter','2024-02-01','lunarfox',22),
(8,'Great narrative','2024-02-02','silverarrow',23),
(9,'Unique experience','2024-02-03','techwizard',24),
(10,'Relaxing farming game','2024-02-04','doomplayer',25),
(9,'Great underwater world','2024-02-05','stealthninja',26),
(8,'Classic RPG','2024-02-06','orbitgamer',27),
(9,'Excellent stealth mechanics','2024-02-07','hypernova',28),
(8,'Sci-fi immersive gameplay','2024-02-08','bytehunter',29),
(9,'Fantastic action shooter','2024-02-09','skyfall',30),
(7,'Large multiplayer battles','2024-02-10','stormrider',31),
(7,'Better with friends','2024-02-11','pixelstorm',32),
(8,'Great RPG story','2024-02-12','auroragamer',33),
(9,'Remastered masterpiece','2024-02-13','voidwalker',34),
(9,'Deep strategy gameplay','2024-02-14','frostgamer',35),
(8,'Challenging tactics','2024-02-15','cyberninja',36),
(9,'Epic fantasy battles','2024-02-16','neonplayer',37),
(10,'One of the best indie games','2024-02-17','ultragamer',38),
(9,'Very emotional story','2024-02-18','gamemaster',39),
(8,'Fast paced rogue gameplay','2024-02-19','arcadehero',40),
(9,'Great co-op action','2024-02-20','binaryknight',41),
(10,'Amazing exploration','2024-02-21','gamelord',42),
(8,'Beautiful sci-fi','2024-02-22','alphaomega',43),
(9,'Great combat','2024-02-23','cosmicplayer',44),
(10,'Emotional storytelling','2024-02-24','vectorx',45),
(9,'Fun adventure','2024-02-25','speedrunner',46),
(10,'Very challenging','2024-02-26','battleking',47),
(9,'Hard but rewarding','2024-02-27','arcadefox',48),
(8,'Classic action','2024-02-28','nebulagamer',49),
(9,'Great racing','2024-02-29','legendplayer',50);


INSERT INTO [Order] VALUES
(1,'2024-01-05','alex_k'),
(1,'2024-01-06','maria_dev'),
(2,'2024-01-07','john_gamer'),
(1,'2024-01-08','luna_play'),
(3,'2024-01-09','pixelking'),
(1,'2024-01-10','shadowfox'),
(1,'2024-01-11','nova_star'),
(2,'2024-01-12','armin_kh'),
(1,'2024-01-13','tigergamer'),
(1,'2024-01-14','nightcoder'),
(2,'2024-01-15','stormblade'),
(1,'2024-01-16','silentwolf'),
(1,'2024-01-17','cyberhero'),
(1,'2024-01-18','dragonlord'),
(2,'2024-01-19','retroplayer'),
(1,'2024-01-20','skygamer'),
(1,'2024-01-21','ironmaniac'),
(2,'2024-01-22','darkrider'),
(1,'2024-01-23','quantumplay'),
(1,'2024-01-24','vortexgamer'),
(2,'2024-01-25','phantombyte'),
(1,'2024-01-26','lunarfox'),
(1,'2024-01-27','silverarrow'),
(1,'2024-01-28','techwizard'),
(2,'2024-01-29','doomplayer'),
(1,'2024-01-30','stealthninja'),
(1,'2024-01-31','orbitgamer'),
(1,'2024-02-01','hypernova'),
(2,'2024-02-02','bytehunter'),
(1,'2024-02-03','skyfall'),
(1,'2024-02-04','stormrider'),
(2,'2024-02-05','pixelstorm'),
(1,'2024-02-06','auroragamer'),
(1,'2024-02-07','voidwalker'),
(1,'2024-02-08','frostgamer'),
(2,'2024-02-09','cyberninja'),
(1,'2024-02-10','neonplayer'),
(1,'2024-02-11','ultragamer'),
(2,'2024-02-12','gamemaster'),
(1,'2024-02-13','arcadehero'),
(1,'2024-02-14','binaryknight'),
(2,'2024-02-15','gamelord'),
(1,'2024-02-16','alphaomega'),
(1,'2024-02-17','cosmicplayer'),
(2,'2024-02-18','vectorx'),
(1,'2024-02-19','speedrunner'),
(1,'2024-02-20','battleking'),
(2,'2024-02-21','arcadefox'),
(1,'2024-02-22','nebulagamer'),
(1,'2024-02-23','legendplayer');


INSERT INTO Order_Game VALUES
(1,1,59.99),(2,2,39.99),(3,3,29.99),(4,4,39.99),(5,5,19.99),
(6,6,39.99),(7,7,59.99),(8,8,49.99),(9,9,59.99),(10,10,49.99),
(11,11,59.99),(12,12,29.99),(13,13,14.99),(14,14,24.99),(15,15,69.99),
(16,16,0),(17,17,0),(18,18,59.99),(19,19,0),(20,20,59.99),
(21,21,59.99),(22,22,29.99),(23,23,29.99),(24,24,39.99),(25,25,14.99),
(26,26,29.99),(27,27,29.99),(28,28,29.99),(29,29,29.99),(30,30,39.99),
(31,31,39.99),(32,32,39.99),(33,33,29.99),(34,34,59.99),(35,35,29.99),
(36,36,29.99),(37,37,59.99),(38,38,14.99),(39,39,19.99),(40,40,24.99),
(41,41,24.99),(42,42,24.99),(43,43,59.99),(44,44,49.99),(45,45,59.99),
(46,46,49.99),(47,47,59.99),(48,48,39.99),(49,49,39.99),(50,50,59.99);


INSERT INTO Payment VALUES
(1,59.99,'Credit Card'),
(2,39.99,'PayPal'),
(3,29.99,'Debit Card'),
(4,39.99,'Credit Card'),
(5,19.99,'PayPal'),
(6,39.99,'Debit Card'),
(7,59.99,'Credit Card'),
(8,49.99,'PayPal'),
(9,59.99,'Credit Card'),
(10,49.99,'Debit Card'),
(11,59.99,'Credit Card'),
(12,29.99,'PayPal'),
(13,14.99,'Credit Card'),
(14,24.99,'Debit Card'),
(15,69.99,'Credit Card'),
(16,0,'Free'),
(17,0,'Free'),
(18,59.99,'Credit Card'),
(19,0,'Free'),
(20,59.99,'Debit Card'),
(21,59.99,'Credit Card'),
(22,29.99,'PayPal'),
(23,29.99,'Credit Card'),
(24,39.99,'Debit Card'),
(25,14.99,'PayPal'),
(26,29.99,'Credit Card'),
(27,29.99,'Credit Card'),
(28,29.99,'Debit Card'),
(29,29.99,'Credit Card'),
(30,39.99,'PayPal'),
(31,39.99,'Credit Card'),
(32,39.99,'Debit Card'),
(33,29.99,'Credit Card'),
(34,59.99,'PayPal'),
(35,29.99,'Credit Card'),
(36,29.99,'Debit Card'),
(37,59.99,'Credit Card'),
(38,14.99,'PayPal'),
(39,19.99,'Credit Card'),
(40,24.99,'Debit Card'),
(41,24.99,'Credit Card'),
(42,24.99,'PayPal'),
(43,59.99,'Credit Card'),
(44,49.99,'Debit Card'),
(45,59.99,'Credit Card'),
(46,49.99,'PayPal'),
(47,59.99,'Credit Card'),
(48,39.99,'Debit Card'),
(49,39.99,'Credit Card'),
(50,59.99,'PayPal');

